Pt ID,Age,DOE,Impress,Dx,Study,Educ,Gender,Hand,Race,Lang,MMSE,MOCA,DS_FL,DS_FS,DS_BL,DS_BS,DS_SS,TR_A,TRA_Err,TA_SS,TR_B,TRB_Err,TB_SS,NAART,RAV_A,RAV_B,BNT,FAS_F,FAS_A,FAS_S,COWAT_SS,Anim,LM1_A,LM2_A,Thm1_A,Thm2_A,LM1_B,LM2_B,LM3_B,Thm1_B,Thm2_B,Thm3_B,LM1_SS,LM2_SS,JP_Mem,JP_T,JP_F,JP_MI,JP_L,No._L,JP_inf,JP_wk,JP_int,JP_cohes,JP_coher,JP_10pt coher,JP_impor,JP_unimpor,Prov_sp,Prov_MC,VPS_tot,VPS_app,VPS_perc,BDI II,RAVLT_t1,R1_Int,RAVLT_t2,R2_Int,RAVLT_t3,R3_Int,RAVLT_t4,R4_Int,RAVLT_t5,R5_Int,RAVLT_t6,R6_Int,RAVLT_t7,R7_Int,RAVLT_t8,R8_Int,RAVLT_t9,R9_Int,Sort_Corr,Sort_Desc,Sort_Recog,Bind_Y/N,Bind_F,Bind_F-,Bind_Nam,Sub,Omis,Circum,StrLng_t1,Intr_t1,StrLng_t2,Intr_t2,StrLng_t3,Intr_t3,Dplist mem_sing,Dptrack_sing,Dplist mem_dual,Dptrack_dual
BH0001,70,10/28/2008,1,0,1,16,M,R,C,0,29,0,8,13,5,7,14,20,0,16,67,0,12,0,0,12,28,11,12,13,10,19,9,5,0,0,0,0,0,0,0,0,0,0,18,8,0,4,0,0,0,2,5,5,3,0,5,5,21,0,15,13,87,0,5,0,6,0,7,0,9,0,10,0,4,0,9,0,8,0,11,4,13,14,15,32,0,0,16,0,0,0,40,0,40,1,50,0,0.752,170,0.565,152
BH0002,50,10/29/2008,1,0,1,16,F,R,C,0,28,0,9,13,5,8,13,14,0,0,35,0,0,0,0,10,30,15,11,10,0,23,19,18,0,0,0,0,0,0,0,0,0,0,20,8,0,2,2,0,1,2,3,4,2,0,5,5,23,0,14,14,100,11,7,0,9,0,12,0,12,0,14,0,6,1,11,0,11,0,14,0,16,17,17,30,2,0,16,0,0,0,70,0,50,1,41,0,0.5,255,0.442,275
BH0003,57,11/21/2008,1,0,1,20,F,R,C,0,29,0,6,9,5,7,10,28,0,11,69,0,10,0,0,11,29,10,11,14,10,18,20,16,0,0,0,0,0,0,0,0,0,0,18,8,0,2,5,0,1,2,6,3,5,0,5,4,22,8,11,11,100,8,5,2,7,1,9,0,12,0,13,0,6,1,13,0,13,1,14,1,11,11,10,29,3,0,16,0,0,0,60,0,40,0,50,0,0.65,138,0.57,189
BH0004,82,11/20/2008,2,0,1,16,F,R,C,0,30,0,6,9,5,8,11,59,0,0,81,0,0,0,0,10,24,14,13,13,0,21,9,0,0,0,0,0,0,0,0,0,0,0,7,8,1,4,3,0,0,1,4,4,5,0,5,2,17,8,13,10,77,15,3,0,7,0,9,0,8,0,12,0,3,0,10,0,7,1,14,1,12,11,11,28,3,1,14,0,0,0,31,0,21,0,30,0,0,0,0,0
